6325,24306,45658,108028,162020,264555,319613,332192,339787,362546,408215,594089,630860,753672,761990,817381,903269,1034438,1118650,1305066
29.698837,2.3690057,0.0,0.0,7.1320534,0.0,72.97209,0.073277004,5.403871,0.0,1.9126325,116.266945,34.738228,56.083595,194.66782,45.83504,9.03082,32.03522,4.3528047,15.327881
24.05443,2.6279762,0.0,0.0,12.293738,0.1319782,79.20263,1.1612129,8.519476,0.0,1.759903,124.00184,31.794275,28.709908,184.55356,25.498388,11.349179,32.95079,1.181492,17.02232
52.58858,3.2938077,0.0,0.0,21.331787,0.0,81.327065,0.0,26.17593,0.0,2.089853,119.87268,10.7639675,35.911873,182.4823,45.555756,0.0,32.94721,6.6088343,15.903581
58.142853,1.6509142,0.0,0.0,38.02352,1.1575873,65.58965,0.0,0.0,5.173105,1.7579923,104.77713,20.223385,3.634904,152.61111,36.891953,5.958878,22.830854,8.938291,20.233797
22.293432,2.8940902,0.0,0.0,8.802563,0.0,66.74069,1.1172557,9.781876,0.0,1.8860872,103.54877,18.664162,37.9689,172.17345,41.913807,8.028468,29.306738,3.4978404,15.878764
34.1299,2.9217362,0.0,0.0,7.1140733,0.0,70.10225,0.0,11.502402,0.0,1.7500732,102.453766,47.74905,0.0,198.67348,40.22505,12.958917,35.800472,6.0608354,19.346739
32.628883,2.2565608,0.0,0.0,2.9497104,0.2950918,78.96838,0.5306514,0.0,0.0,1.8867936,117.805,28.4255,41.8636,168.59773,30.078886,15.734381,25.292025,3.6827838,15.240749
0.0,2.3321319,0.0,0.0,11.089911,0.40344778,100.24665,0.12149254,3.352963,0.0,2.3083107,95.12525,1.5417637,39.9898,178.19379,28.944017,0.0,31.14633,1.3670352,16.46187
26.920435,2.6081913,0.0,0.0,4.586191,0.28994858,78.82813,2.140563,0.0,0.0,1.678189,103.83495,33.996357,58.989536,163.96875,31.887672,12.177712,30.547247,5.2934885,16.982637
30.596733,3.0079632,0.0,0.0,0.0,1.0332369,84.25352,0.0,3.59881,0.0,1.559799,116.61225,19.375217,50.77157,185.28383,81.64426,13.091961,26.995476,6.2183504,16.613499
12.828278,2.5225601,0.0,0.0,1.7596304,0.021148577,74.97305,0.0,6.6251736,0.0,1.6905162,117.40864,42.33445,36.797894,181.38521,44.58396,4.307024,33.551125,2.463439,15.499217
32.153473,3.1905031,0.0,0.0,6.9464593,0.3265626,75.0416,0.0,32.652607,0.0,1.7553759,115.90872,43.588223,51.453655,190.7016,30.907282,18.269995,30.655249,0.45378911,2.0432632
37.25158,2.7892349,0.0,0.0,8.428484,0.95678496,75.24302,2.1363966,6.798175,0.0,1.7076783,118.95199,35.774456,51.49036,181.72884,38.79378,13.118855,29.958437,3.1147606,15.500822
40.055504,2.5299237,0.0,0.0,17.614399,0.0,75.18027,0.0,4.0165315,0.0,1.7909577,100.58464,31.663319,55.271797,190.04091,48.057575,16.950806,26.129204,4.923904,15.330868
38.559944,2.176264,0.0,0.0,9.799283,1.155224,85.54883,4.186377,2.845652,0.0,1.5415022,122.55724,28.404894,36.412525,188.59784,61.68288,14.13454,30.687126,6.40792,17.242039
13.606467,2.8274512,0.0,0.1148422,12.673505,0.0,78.14782,0.0,12.916612,0.0,1.8164017,108.108376,36.747772,42.37602,199.11377,37.552143,7.4989457,31.80893,2.943723,14.823549
28.591805,2.6109712,0.0,0.18909532,0.0,0.9792886,75.93524,0.0,7.6144614,0.0,1.9352195,118.437744,24.446777,52.528336,189.38837,56.937878,1.9336886,37.781258,3.710747,16.983599
34.995144,3.2945662,2.073351,0.0,5.9379325,0.019653723,77.98057,0.0,52.620014,0.0,2.065161,114.82376,45.049862,39.377384,191.62357,44.775585,18.501762,23.773623,2.165247,19.472721
34.60713,2.4863448,0.0,0.06281014,2.6713247,0.0,75.93524,2.1637597,0.0,0.0,1.932054,125.56077,19.562304,0.0,174.74963,63.06999,0.0,29.523773,1.65438,15.056507
30.591234,3.029978,0.0,0.0,26.584972,0.0,69.24268,0.0,0.0,0.0,1.8785777,4.7503567,0.0,28.950665,138.24818,40.22505,9.259978,13.633256,5.707745,12.702864
41.60788,2.3897088,1.972055,0.06281014,0.0,0.0,70.129,0.0,3.4166663,0.0,1.7531681,93.95479,4.8681355,51.434593,139.70018,43.65054,0.0,28.37426,0.0,11.282986
45.427277,2.2554553,0.0,0.0,23.900236,0.0,76.83764,0.0,0.0,0.0,1.576431,17.801182,0.0,0.0,140.76949,43.072548,9.496561,22.4673,5.224797,16.37766
32.06329,2.4371033,0.0,0.0,2.2479272,0.38998055,83.00249,0.83616245,0.0,0.0,1.6934416,113.91899,33.81609,56.881878,175.78072,64.27168,2.6139743,32.308083,5.836011,18.335165
18.3713,3.063958,0.0,0.0,13.88522,0.0,73.86667,0.0,8.475796,0.29918036,0.71315706,112.6643,50.375366,57.038906,189.99898,35.21518,17.167082,33.62163,1.234054,16.735048
22.109253,2.3386884,0.0,0.0,10.541361,0.0,69.49111,1.6499449,13.068271,0.0,2.351559,104.851364,19.87273,44.22417,148.67769,50.065113,0.0,25.01672,3.715666,17.677328
23.870865,2.7628012,0.0,0.0,18.383253,0.0,79.69092,0.0,0.0,0.0,1.6411641,36.880455,0.0,0.0,159.70268,31.467646,16.795866,24.633343,5.6059237,12.787306
24.30408,3.2326617,0.0,0.0,6.210679,0.17762706,80.47842,0.53135735,7.6144614,0.0,1.6461189,107.19601,33.44485,52.20828,189.70319,44.61404,15.793636,26.602522,4.076206,16.850363
38.671864,3.501745,0.0,0.0,0.0,0.0,68.49278,1.595746,4.2331166,0.0,1.8391495,102.97655,48.990314,38.007587,176.90242,35.367813,27.646366,27.174343,0.20286463,16.723917
21.828878,2.4303632,0.0,0.0,11.648497,0.0,76.22681,0.8902846,0.0,0.0,1.6622846,118.90603,30.212267,40.40894,191.8915,42.199436,26.035795,26.915071,1.3162605,14.294785
46.350452,3.2374887,0.0,0.0,4.564243,0.29913193,79.20665,2.122802,7.392265,0.0,1.9168918,115.86727,25.31081,35.743343,173.42415,70.797714,4.7465005,26.34248,2.6698134,15.330868
42.994358,1.6420146,0.92144877,0.0,32.798527,0.0,80.21887,0.0,0.0,0.0,1.7319705,18.379234,0.0,0.0,148.3241,40.22505,14.203895,27.708763,7.8161244,19.924742
73.98618,2.1265612,0.0,0.0,26.303888,0.0,64.210785,0.0,0.0,0.0,1.841927,6.00116,0.0,37.432186,158.67336,32.61788,2.220078,21.022518,6.405561,14.074169
48.775562,3.5587733,0.0,0.0,16.616482,0.3117527,82.45128,0.03597752,0.0,0.0,1.822928,113.66581,30.103441,36.115013,184.9756,42.86613,1.5082068,36.352833,4.675192,17.228361
40.11338,1.8889892,2.998556,0.0,8.11503,0.0,92.49599,0.0,0.0,4.210508,1.7319705,106.911194,16.080868,0.0,190.71162,38.043385,13.669778,34.22315,5.30729,11.442344
32.48889,3.4262211,0.0,0.0,2.9425697,0.0,70.73421,0.0,8.106797,0.0,1.2245862,128.15028,24.535025,41.27087,167.22522,40.56359,31.057598,33.712933,0.0,3.4810874
27.447031,3.0884056,0.2724761,0.0,10.233729,0.11155975,80.06701,2.746927,9.703975,0.0,1.6040554,107.97859,41.12655,49.113483,201.58928,39.775723,10.553541,26.595793,5.4888587,16.704193
22.118761,2.5340726,0.0,0.0,19.013275,0.0,79.64133,0.0,0.952899,9.095045,2.9186954,97.944695,0.0,0.0,197.80092,34.87156,36.75203,27.769947,0.0,2.1253443
35.596523,2.5765898,2.999368,0.0,11.309569,0.4263426,68.37808,0.6628838,30.418646,0.0,2.0626,106.80267,27.57277,44.184277,183.50935,32.49735,16.270586,30.49658,4.337826,17.329636
35.090527,3.151118,0.0,0.0,22.653557,0.18068573,75.77718,0.045676865,0.0,0.0,2.036612,110.91994,0.0,50.005436,185.65735,15.609392,0.0,29.216208,0.3229518,14.966335
12.618705,2.7660885,0.0,0.0,9.021197,0.0,90.71003,1.7065507,7.648159,0.0,1.4323874,102.72214,31.523645,66.494225,185.1555,26.184256,11.558708,30.846334,4.202608,15.709978
34.229504,2.283591,0.0,0.0,1.2519109,0.7816348,66.737946,2.0517905,0.0,0.0,1.3555129,94.136665,27.939014,43.907673,121.87807,38.732483,4.115473,23.382969,0.42072695,16.47585
33.682323,2.528288,0.0,0.0,16.12759,0.0,83.02429,0.5013949,9.193276,0.0,1.827426,108.39998,36.25638,44.294483,170.28618,39.584557,16.040085,31.496508,4.25019,17.568316
56.832115,3.1830344,0.0,0.25832617,19.082066,0.0,76.826256,3.4749029,18.768023,0.0,2.11466,129.93881,23.60091,16.01466,163.52411,42.070797,10.035447,32.363155,2.4904718,16.447025
7.376919,3.6818292,0.0,0.0,14.144649,0.122327864,75.324295,0.0,4.397139,0.0,1.7760403,121.18484,48.560577,34.04438,179.92203,49.549824,6.436198,32.54139,4.6742463,18.778229
35.698723,3.8094823,0.0,0.0,18.967926,0.0,76.633934,0.0,0.0,0.0,1.3772247,148.61714,10.624867,14.167639,145.21687,30.553326,22.818232,17.374197,4.9644275,17.826067
29.196547,2.1362422,0.0,0.0,17.280666,0.0,84.74525,0.6628838,0.0,0.0,1.6863363,126.29132,25.528454,13.766489,203.95766,44.650967,8.886624,34.478863,5.029948,19.278433
19.6922,3.2297156,0.0,0.0,0.0,0.0,74.5726,0.0,10.033284,0.0,1.5617154,106.31804,25.46217,54.19876,177.785,59.732445,2.1281939,29.607567,3.0380824,15.733402
45.165363,2.4272301,1.8639266,0.0,0.57262576,0.0,69.68086,0.0,18.143837,0.0,1.6518488,72.798294,0.0,40.913773,174.30225,21.889986,36.40406,31.42185,2.6835585,14.15943
32.84709,1.87346,0.0,0.0,0.0,0.0,80.03454,0.0,14.41324,0.0,1.8141046,111.02572,21.434896,26.447763,147.80853,50.380222,5.971395,28.790762,1.9876367,16.094055
28.613329,2.3833723,0.0,0.0,13.530813,0.0,64.676834,0.67618465,22.207321,0.0,0.8312213,90.98978,0.0,13.164685,132.00354,34.22577,3.541276,19.219215,4.0511827,13.277917
39.934284,2.833948,0.0,0.0,0.0,0.774321,70.98409,0.6628838,1.0936987,0.0,1.3857431,114.50792,23.701984,40.898663,161.27786,45.478737,19.165005,35.62413,1.5990804,14.506642
23.858847,2.8291404,0.0,0.0,5.601558,0.0,79.74918,2.8066168,0.0,0.0,1.7255411,120.18717,41.128845,58.051693,189.20168,47.597126,9.132847,37.0148,2.1495678,14.810683
24.362751,3.59776,0.0,0.0,1.2185546,0.0,89.30076,0.1492869,10.47762,0.0,1.7658753,111.889885,23.777205,41.927776,181.45013,59.351818,14.035622,27.43168,6.914526,18.083824
32.2024,2.020976,0.0,0.3831329,0.0,0.0,71.27123,0.0,44.585384,0.0,1.6236274,116.662575,35.652187,46.709328,148.5375,46.508083,5.870083,34.706776,1.5869787,20.174597
24.363302,3.2541912,0.0,0.0,4.6866326,0.0,80.763954,1.5964164,12.232505,0.0,1.6332583,117.708435,10.414372,60.172054,183.21101,46.127117,0.0,35.429916,4.82105,19.216946
35.090527,2.9618366,0.0,0.0,3.5778985,0.0,75.32277,0.0,0.0,0.0,1.8712499,89.99898,0.0,38.87706,201.68192,24.652105,31.957956,25.463263,2.5530543,15.7786875
67.42949,1.8729002,0.0,0.0,8.738095,0.0,66.97464,0.0,0.0,10.338267,1.5652204,115.69503,17.022837,44.226627,207.94331,41.712227,23.428295,23.513817,8.519148,17.5825
36.01869,2.3269908,3.9619472,0.0,2.3807292,0.0,75.364815,0.6210502,15.763265,0.0,1.5624897,113.10898,25.732658,42.623505,157.96709,62.187824,8.306549,28.699343,3.257461,17.78886
0.0,3.2129164,0.0,0.0,12.691361,0.0,93.30806,0.7619946,23.620344,0.0,1.9259355,125.88433,45.387486,65.67726,188.23201,35.563736,3.5096135,24.450556,5.6409097,16.037561
15.157895,2.4243975,0.0,0.0,11.451633,0.0,83.07371,0.5583737,12.983448,0.0,1.8032918,120.39049,43.90031,68.19699,179.99446,33.43728,12.261515,30.738487,3.2580092,18.031519
78.34363,2.9853015,0.0,0.0,24.971945,0.0,65.58594,0.0,0.0,0.0,2.0935526,15.830552,0.0,5.5144954,159.80713,21.23935,0.072968766,31.312586,7.1815205,18.783026
31.575808,2.608654,0.0,0.0,21.04448,0.0,69.83097,0.073309384,0.0,0.0,1.988292,116.08528,39.385654,44.76179,199.07027,46.69237,13.290316,28.726841,3.130901,16.939213
36.349743,2.604396,1.5997301,0.035847224,4.222875,0.0,85.446266,1.4585487,18.771925,0.0,1.542222,107.066826,40.051064,53.598503,185.4769,47.8303,7.619095,24.056765,4.4789934,12.837333
52.03101,1.920722,0.0,0.0,15.813566,0.0,58.51186,0.0,0.0,3.6181169,1.430362,132.62195,0.0,0.0,141.04504,30.693472,8.579326,22.047264,7.209136,17.734392
30.172777,3.3923414,0.0,0.0,9.456633,0.0,69.12059,0.0,21.475296,0.0,1.3320341,106.88791,20.982738,49.737778,203.84682,34.541225,20.54222,33.120945,3.710747,14.8930235
32.489227,2.8929846,0.0,0.0,17.606714,0.0,75.96101,0.0,8.351031,0.0,1.8332725,125.76675,0.0,20.90151,196.61537,32.633297,9.575708,31.330997,2.4935315,1.9455748
25.598995,3.3332562,0.0,0.06281014,11.435333,0.0,68.87824,0.0,7.5675025,0.0,1.3271439,117.292366,25.102957,58.454765,171.48927,58.355892,12.597595,32.508068,0.0,5.972316
31.463549,2.276062,4.1425304,0.0,3.9269466,0.0,86.88163,0.21358272,12.856883,0.0,1.8117268,119.413956,13.614245,43.211143,181.17169,54.78765,14.104584,32.156364,3.7870111,16.699972
0.0,2.9920197,0.0,0.0,8.014156,0.0,90.139015,0.16746461,14.120823,0.0,1.3900952,105.94507,31.122591,65.5482,170.95877,52.43571,5.4450054,24.904404,8.081107,17.32835
28.361027,2.5430806,0.0,0.06281014,8.313137,0.0,74.15252,0.0,13.015859,0.0,1.6929264,84.102325,34.099506,57.618267,179.58978,28.061089,0.89351827,33.021793,2.074207,10.672436
48.15221,3.1435895,0.0,0.0,13.531253,0.555293,64.77631,0.0,0.0,0.0,1.8163371,112.87366,27.852816,51.79718,177.40514,38.80958,13.681884,27.243605,0.42004603,13.812652
50.07362,1.9471912,0.0,0.0,7.0878577,0.0,77.3418,0.9040362,3.8162582,0.0,1.8322117,111.70169,42.25883,49.13901,172.47066,56.632446,10.843252,26.584677,0.6017949,15.342029
35.278778,3.430586,2.2168555,0.0,24.763544,0.0,92.03498,0.0,32.56772,0.0,1.6969349,127.80772,8.950489,0.0,198.52621,31.343426,21.356216,24.548662,2.21684,14.1388855
30.804537,2.706367,0.0,0.0,0.0,0.07125692,79.9867,0.0,4.1016645,0.0,1.9057076,119.103745,31.970425,46.83392,191.5933,42.085655,11.365465,31.867184,3.3941708,19.742008
20.899158,3.2992804,0.0,0.0,7.6533246,0.17479786,96.842125,2.2910054,10.003746,0.0,1.7319705,127.581184,23.663332,35.46198,181.22845,56.8902,24.401152,31.952188,4.311169,18.895636
1.9775494,2.3939283,0.0,0.0,15.565469,0.0,70.2595,0.5049715,9.631355,0.0,1.7265756,107.71874,21.405754,50.370888,197.18134,49.162216,12.435672,23.561096,1.7462419,13.023475
24.308716,2.4597247,0.0,0.16916981,0.0,0.17479786,77.98989,0.26618016,11.034006,0.0,1.7512827,113.66684,16.722584,63.28019,191.10492,31.06765,0.0,20.781939,7.325263,18.734495
47.311142,2.9296877,0.0,0.0,10.930183,0.17479786,92.74786,0.7444877,28.656263,0.0,1.9914594,131.03282,0.0,37.432186,162.66312,46.96824,0.0,19.659876,7.1914487,16.93293
31.382322,3.0084543,0.2724761,0.06281014,9.748922,0.0,74.01361,2.7524545,22.56869,0.0,1.4926744,107.060844,23.54651,0.0,187.8465,77.51808,6.6637177,21.727007,4.0993614,21.126486
43.14138,2.8857653,0.0,0.0,16.803362,0.15769058,65.88028,0.0,0.0,0.0,1.7588968,115.158775,50.11231,44.61841,194.14731,58.679115,17.45004,21.230244,4.203059,18.67247
24.428963,2.7187228,0.0,0.0,20.14274,0.0,80.527855,1.6846359,0.0,0.0,1.1506212,118.1829,0.0,12.306029,148.18779,35.77778,11.345699,38.4278,5.6183653,16.43695
16.055542,3.421961,0.0,0.68080914,0.0,0.0,82.9193,3.482744,12.810426,0.0,1.8830128,115.77805,30.527746,35.699562,188.17603,48.022476,11.558708,37.5963,4.489935,14.671179
43.77268,1.6290332,3.3809547,0.06281014,3.6920094,0.046391346,74.5381,0.0,0.0,0.0,1.5118968,112.00894,31.302195,45.16777,188.78651,60.028748,11.558708,32.97912,3.3027098,12.413794
36.13429,2.4863455,0.0,0.0,0.0,0.0,80.141335,0.7398798,5.9771004,0.0,1.855974,93.5594,39.048588,56.50794,183.13844,49.28731,0.0,23.896257,2.549508,16.510107
35.057575,2.950777,0.0,0.0,12.784621,0.39284846,73.21771,0.0,0.0,0.0,1.6880622,129.50774,39.09015,57.694153,187.5918,37.465202,17.00604,25.510054,2.7076848,18.333693
46.960163,1.8090773,0.0,0.0,36.881805,0.0,68.35577,0.0,0.0,0.0,1.7725646,29.44333,0.0,0.0,149.10864,29.296219,0.0,23.778122,6.677948,17.119135
57.508495,1.743413,0.0,0.0,13.303187,0.0,69.061844,0.0,0.0,2.287008,1.9686754,14.626855,0.0,0.0,127.482346,45.06976,9.0684185,22.145195,5.098845,17.635445
35.678535,2.162578,1.4510288,0.0,0.5889048,0.120554805,79.22332,1.2772249,1.0275999,0.0,1.8254015,118.66323,48.55118,19.787966,178.157,37.727264,27.697624,31.37024,3.710747,18.118301
18.657425,2.4337997,0.0,0.0,0.0,0.1492939,79.56958,1.5789422,7.661326,0.0,1.7984588,103.72809,35.595448,31.967237,188.01167,37.785336,22.327955,38.697803,3.97681,19.050959
35.090527,1.906781,0.0,0.0,0.0,0.12502252,78.16648,0.0,6.686364,0.0,1.6964262,111.7335,38.89526,53.15025,178.9783,40.086216,12.000356,36.169228,1.878238,11.618753
22.704573,2.4394393,0.8593772,0.0,0.0,0.5084782,76.49351,0.0,0.0,0.0,1.8672404,79.14415,0.0,50.79935,176.74326,24.853657,45.886585,27.940493,3.710747,15.544838
53.998505,2.508704,3.3543575,0.0,15.060236,0.0,95.02272,0.6628838,5.2568393,0.0,1.3582413,113.97116,5.9242682,0.0,190.03583,36.10124,29.140621,28.96636,6.3349423,7.9337125
43.464752,3.0300267,3.3467948,0.0,6.7562995,0.44321662,80.02569,1.8357744,4.458849,0.0,1.6759288,124.509384,42.487427,20.058273,184.89452,26.54075,14.7980385,28.93142,3.4882529,18.238352
78.58375,2.4765317,0.0,0.0,16.374237,0.0,57.108555,0.0,0.0,0.29918036,1.6922884,10.721936,0.0,0.0,124.786934,22.721739,0.0,21.100632,6.990988,16.260487
47.484837,2.0434644,0.0,0.0,4.4860864,0.0,63.87658,0.0,0.0,0.0,1.6839783,4.755838,0.0,0.0,148.67165,32.51459,5.0160794,24.034622,5.2514224,17.159338
24.859945,3.0336847,0.0,0.0,8.53847,0.9988711,72.80619,0.0,0.0,0.0,2.4459128,108.11675,43.92285,38.140728,195.55183,20.433043,11.7841015,32.736782,2.6793094,12.156182
18.155678,2.7373943,0.0,0.0,4.7293916,0.0,84.72121,3.6822357,3.308784,0.0,1.7215226,131.31535,42.064873,24.905216,207.83289,50.429966,9.349998,26.427256,0.82409215,19.301222
55.55017,1.7730404,0.0,0.0,27.147173,0.0,65.14842,0.0,0.0,0.0,1.7945292,102.693665,0.0,0.0,134.37268,33.753017,0.7899951,19.053791,3.8997102,14.573714
43.92895,2.909538,1.9561393,0.0,16.03785,0.0,72.35027,0.25254148,0.0,0.0,1.6675515,99.91889,26.35376,55.73077,184.18436,36.96167,22.569706,32.885475,1.5344933,13.768612
0.0,2.5510533,0.0,0.0,19.313057,0.40173584,78.74944,0.90157753,11.083467,0.0,1.5938618,109.24282,33.720203,47.821095,167.82974,46.848656,0.37362427,24.750557,4.012385,15.491677
38.544533,2.4486485,0.0,0.0,9.815186,0.36752427,83.510925,0.0,5.185535,0.0,1.5928457,108.130585,14.225227,74.63813,162.83376,34.131325,4.4332304,33.100563,4.9334917,18.343163
12.621051,2.864551,0.0,0.0,12.679488,0.29918078,80.600204,0.0,36.84368,0.0,1.418107,101.620026,51.64949,36.75261,193.62141,44.65816,3.7017472,33.61175,0.36704034,12.172819
37.12533,2.1872592,0.0,0.6438864,8.8939,0.0,69.28002,0.0,18.122248,0.0,1.620022,97.700096,56.36772,37.432186,184.8203,35.198334,4.974632,31.507656,1.7890373,14.476392
59.301605,1.6669995,0.0,0.0,1.7778881,0.4690088,85.560356,1.9123738,9.647806,0.0,1.8766947,103.387634,34.056793,43.809372,175.97527,39.122375,5.6424365,28.572124,4.7397017,17.05733
37.029804,2.3518796,0.0,0.0,5.102386,0.34227744,76.22476,0.45979926,1.1644044,0.0,1.5948088,102.08978,31.561111,42.785557,173.31012,58.36724,3.279469,30.810701,2.9536395,15.090344
41.38236,1.8370945,0.0,0.0,18.15064,0.0,66.63035,0.0,0.0,0.0,2.0282564,5.999086,0.0,0.0,131.28021,15.337002,28.507969,6.890406,6.1884604,16.059546
67.335335,2.575328,0.0,0.0,19.732298,0.0,75.83428,0.6628838,0.0,0.0,1.3820086,6.408051,0.0,0.0,115.79503,26.037258,11.14262,28.03243,7.439301,15.743792
36.658035,2.2184386,0.2724761,0.0,5.5930796,1.0028579,95.0218,1.3777806,16.04352,0.0,1.5808029,118.84531,15.425843,48.428432,173.86462,61.313454,5.5291805,24.401466,5.3934255,16.71539
32.867725,3.1228838,0.0,0.0,7.615819,0.0,80.11342,0.0,0.0,0.0,1.8009472,117.81244,52.345592,63.247307,182.25969,50.483864,10.784092,30.47078,3.9721336,15.588236
50.298832,3.2716258,0.0,1.7655234,4.58644,0.33561337,63.033096,0.0,14.977416,0.0,1.9516294,114.427574,18.992338,20.795229,197.8658,37.747963,13.934309,17.001017,0.55349827,4.0237703
50.248276,2.144855,0.0,0.0,37.584965,0.0,71.937935,0.0,0.0,2.276214,1.6112299,142.64062,0.0,0.0,136.26132,32.655106,13.914934,22.721163,9.060763,17.413
51.57977,3.1397874,0.0,0.0,29.720955,0.0,66.6348,0.0,2.281125,0.0,1.6359437,7.759383,0.0,0.0,155.58769,40.22505,8.963384,19.708353,4.7233663,16.333422
37.932446,2.3557901,0.0,0.0,0.0,0.0,77.81146,0.88678616,0.0,0.0,2.2523186,97.34817,30.012749,47.436092,191.75844,34.0752,6.775832,27.800749,2.5870533,14.847874
30.983686,2.7421901,0.0,0.0,11.661895,0.9281764,67.040565,0.0,0.0,0.0,2.2886443,100.55048,0.0,51.528942,196.04439,21.23633,53.678658,34.92011,1.1166915,13.772676
39.71111,2.7417145,0.0,0.0,6.210873,0.12974657,87.4377,1.8018088,8.30823,0.0,1.7120523,117.90265,27.664215,52.648556,194.41609,57.47076,10.503298,30.305397,5.9845705,17.545317
10.2003145,2.630701,0.0,0.0,0.0,0.0,78.215034,1.1239288,3.8840992,0.0,1.7582867,120.23012,39.519066,30.010555,167.16182,33.10946,7.647611,31.156763,4.5029964,14.295742
25.847208,2.7949247,0.0,0.0,3.8873312,0.0,82.79395,0.10059223,5.501501,0.0,1.7319705,111.76451,47.539352,55.74801,189.00063,22.123785,18.663416,35.423195,1.1707817,14.822247
8.310033,2.720059,0.0,0.0,12.873906,0.0,84.37621,2.3655612,25.172195,0.0,1.7008212,115.33039,13.7246895,51.27994,185.45996,37.906044,3.2620695,23.724344,10.514428,16.98389
76.07239,3.4193578,0.0,0.0,10.111525,0.0,72.429115,1.3301479,0.5493914,0.0,1.8856251,113.07959,29.325912,14.376883,187.11998,37.059227,22.63723,34.165585,3.1910813,12.007566
36.677795,2.0953512,0.8052818,0.0,3.3088527,0.4162489,77.766266,1.3937652,6.1950808,0.0,1.7319705,111.12371,42.025635,51.799164,197.09341,47.042656,12.733634,27.659979,3.165713,18.054184
25.925753,1.7785594,0.0,0.508042,3.717309,0.5202809,71.47431,0.0,2.2021396,0.0,1.9036472,93.43214,0.0,48.28091,159.13194,40.22505,40.524345,33.662483,1.982526,8.543217
19.171762,2.9621818,0.0,0.0,8.461581,0.0,77.21206,1.7272838,0.0,0.0,1.4287732,106.412994,48.70833,0.0,196.96722,44.90718,4.8893166,38.51254,3.0714386,16.712154
40.35752,2.7853987,0.6452952,0.0,3.7658877,0.9099971,75.840164,0.0,11.226159,0.0,1.9045341,120.94912,23.966112,43.164906,150.67494,46.71576,2.759354,26.819471,0.33220357,10.869581
35.200855,2.0132911,3.7115757,0.0,0.0,0.0,80.93083,0.5327296,2.746996,0.0,1.4509342,126.12722,21.629126,55.644463,175.26117,50.75112,16.0903,30.786148,3.218808,17.573877
55.21434,2.0394392,0.0,0.0,23.76511,0.0,71.21053,0.0,0.0,0.0,1.8952932,16.31421,0.0,0.0,131.9652,27.677324,11.558708,24.32287,5.4436727,18.160723
47.022816,3.2022119,0.0,0.0,32.8407,0.0,67.81208,0.0,3.3171515,0.0,1.2793808,19.117027,0.0,0.0,159.60484,43.37931,0.0,14.882738,4.18237,16.986454
22.910856,2.3484395,0.0,0.0,11.141811,0.8317291,78.78804,2.2141132,13.331833,0.0,2.232369,133.05061,41.079826,58.835785,178.06126,65.8864,22.511328,31.866482,1.1023653,15.781916
38.191452,4.825163,0.0,0.0,30.679611,0.0,83.54067,0.0,0.0,0.0,1.9357617,119.56592,21.652737,30.582272,203.2684,27.132933,18.73798,19.45784,7.2695913,18.35825
23.962362,2.9058537,1.2377032,0.0,19.501331,0.5615789,81.26505,1.5920671,0.0,0.0,1.8298128,99.22307,0.0,34.85966,187.77849,33.833138,31.45377,31.801771,0.4461996,9.15387
36.16972,2.1772697,0.0,0.9354662,0.0,0.0,74.95795,0.37059134,22.18677,0.0,1.9323025,104.91192,32.139137,56.13188,118.700584,31.207968,3.815738,35.970627,2.134894,13.122724
35.090527,2.4731472,0.0,0.0,10.355947,1.094017,68.738495,0.0,2.8315637,0.0,1.7319705,122.76484,47.287186,33.22093,161.53264,29.291008,22.195179,30.084896,2.228134,4.1894035
30.838863,2.3771367,0.0,0.0,9.269501,0.0,81.96317,0.3833652,7.935714,0.0,1.5019956,112.92139,66.584496,64.470474,173.68723,26.870323,2.539777,32.322414,6.5955143,15.937596
32.552715,1.9222744,0.0,0.98499894,0.0,0.6537312,68.82894,0.0,5.763522,0.0,1.2875922,123.82742,44.150494,38.675518,151.55457,45.486416,27.175303,25.800396,0.0,11.661673
32.996758,2.7919629,0.0,0.0,5.2789083,0.038256556,73.22847,1.5524776,9.178568,0.0,1.8171892,133.97261,28.536732,72.704575,176.16197,45.364033,10.918888,25.970903,2.057063,19.71938
38.706078,3.034083,0.0,0.0,0.9470055,0.3383905,82.89355,0.55015624,0.0,0.0,1.7545602,113.16003,21.768858,44.430065,205.2168,37.21735,16.574612,28.117323,5.0210185,15.595351
72.46011,2.960246,0.0,0.0,27.28351,0.0,68.96201,0.0,0.21006031,0.0,1.7169585,2.6795087,0.0,0.0,136.76662,24.458307,5.5362363,18.287577,3.710747,19.391455
44.41314,2.4200146,0.0,0.0,12.306692,0.0,75.46732,0.0074959695,17.85212,0.0,1.5351062,120.60421,25.432623,52.233536,173.42415,47.154964,10.922096,29.322592,6.005845,15.330868
48.755177,2.4591336,0.0,0.0,14.724573,0.0,70.092735,0.0,5.1891866,0.0,1.9738605,73.64633,0.0,55.7922,174.94328,20.57163,29.91908,22.701721,1.4974115,15.664608
35.46934,2.1922126,0.0,0.0,0.0,0.16103253,73.3105,1.0520632,0.0,0.0,1.8043222,121.17395,32.24391,58.508526,176.647,47.779972,6.5902686,27.769947,2.2128894,15.330868
21.886883,2.9826498,0.0,0.0,0.39724174,0.0,68.7463,0.24655187,6.844854,0.0,2.0651782,118.38453,23.730587,55.650646,202.82599,42.42585,9.677879,27.626032,4.8224525,14.970161
26.299189,2.6204283,0.0,0.0,4.464065,0.0,73.08851,2.2514834,5.6943536,0.0,1.7407887,105.32422,48.89811,70.23513,180.68379,40.22505,10.842686,28.522863,3.8417819,17.56718
34.795506,2.7131643,0.0,0.0,8.68865,0.0,77.603836,0.6628838,22.30054,0.0,1.777065,134.88722,28.417555,39.428936,170.67737,52.300747,4.8746457,25.095034,4.386481,17.17705
39.238846,2.1837232,0.0,0.0,9.566651,0.0,68.43282,0.0,0.0,0.0,1.6330564,135.6813,5.4310937,48.271034,200.10815,36.933502,0.0,28.692245,2.2719388,4.995196
29.924578,2.3153272,0.0,0.0,0.0,1.0003841,82.492516,0.0,0.0,0.0,1.6227443,134.20924,33.951363,44.25036,180.81677,48.832542,14.037843,25.312967,0.5582174,4.892055
73.49707,2.3174734,0.0,0.0,24.222641,0.0,59.068214,0.0,0.0,3.4126546,1.7601464,14.859552,0.0,0.0,132.58954,38.252106,6.4677978,24.494856,4.730279,18.670073
6.780909,4.5036054,0.0,0.0,14.456733,0.0,92.845436,1.7833598,9.728785,0.0,2.2476559,108.5176,24.365648,19.468119,173.02736,37.318134,4.694318,23.722578,6.159655,16.0936
30.060192,2.4936137,0.0,0.0,5.3933043,0.0,75.89966,0.0,0.5728566,0.0,1.7710848,110.20214,30.807627,31.394562,188.78261,55.00743,3.6706548,29.016043,2.0978162,17.035028
49.783657,3.5358655,5.6181803,0.0,0.8926584,0.0,85.86257,2.7804189,0.0,0.0,1.9478235,104.47928,0.0,0.0,189.71335,28.69877,2.7344267,28.24779,2.4914808,6.39918
45.60718,2.1558552,1.643478,0.14272416,5.862979,0.70053875,75.838875,0.0,0.0,0.0,1.7046709,113.26312,35.214874,28.42636,188.14177,38.7966,18.670095,25.176577,3.1043727,19.473574
81.14324,4.4354553,0.0,0.0,27.28256,0.78476715,62.585167,0.0,0.0,10.927269,1.5714347,13.60486,0.0,0.0,121.95775,15.510734,18.764774,10.501209,6.455163,16.169521
28.318108,2.0930462,0.0,0.0,0.0,0.0,73.586006,0.0,49.917362,0.0,2.1480002,100.04012,0.0,34.008686,201.21782,9.934251,28.504549,29.969128,3.4247458,16.471342
18.112837,2.7316144,0.0,0.0,4.073032,0.0,95.35475,0.0,39.894497,0.0,1.7322757,112.17654,29.886086,49.686817,172.32805,43.622818,0.5903115,23.237112,3.843174,15.953849
45.555454,2.689887,0.0,0.0,3.338094,0.0,72.34895,2.8185067,5.5215406,0.0,1.8658588,112.562874,31.59746,52.132973,185.60278,50.769108,2.4336305,29.272703,4.0499053,12.403951
29.057793,3.0686111,0.0,0.0,11.644049,0.0,86.43686,1.1613809,24.00377,0.0,1.2666681,115.17723,33.837868,65.10534,168.04688,59.20449,0.0,17.910458,9.317123,13.873551
27.021921,2.6869276,0.0,0.0,12.699028,1.9305398,72.45252,0.0,3.87654,0.0,1.9552975,111.43302,34.218388,66.29336,195.36266,29.631554,23.537203,27.769947,2.711947,15.0604
35.090527,3.8658838,0.0,0.0,24.155237,0.0,76.62963,0.0,8.36571,0.0,2.136817,163.28601,0.0,34.288837,155.76756,46.595604,0.0,23.381035,5.7599926,19.234068
16.037897,3.0953016,0.0,0.0,14.333201,0.0,90.169685,3.4751544,16.566242,0.0,1.9414196,125.12959,48.182056,65.16319,193.21733,40.22505,3.2401805,29.065807,4.4441814,15.585896
23.154713,3.7595742,0.0,0.0,21.583258,0.0,72.909874,0.9314715,0.0,0.0,1.8179295,123.32975,42.430866,50.576107,200.98691,42.447968,30.84307,32.854465,5.71237,16.413958
19.639214,2.3617113,0.0,0.0,10.77297,0.17479786,80.47281,0.0,4.7150025,0.0,1.5572739,111.47582,41.842953,41.3118,176.12564,38.5234,21.282793,27.196007,6.3521633,16.577814
38.4227,2.938277,0.0,0.4718737,0.0,0.0,73.40001,0.26596904,3.0812678,0.0,2.067119,92.349686,22.960989,18.804373,197.82649,52.78257,21.501696,30.386442,1.6779811,15.833276
50.947212,2.7998822,0.0,0.0,5.600046,0.0,65.87509,0.92147285,0.0,0.0,1.7257259,119.090256,34.30844,65.52506,186.6713,40.387264,17.974133,26.504494,0.03829187,12.084301
44.332363,2.7323697,5.798473,0.75273263,0.0,0.0,74.51344,1.9148698,7.6144614,0.0,1.6853685,98.39623,0.0,17.282034,181.55968,0.69349277,5.12261,29.928581,4.2290926,16.321611
32.99739,2.5774477,0.0,0.184455,0.0,0.0,77.091446,1.0281202,8.1789055,0.0,1.9129853,92.26825,29.71605,50.373314,193.5701,39.575115,8.38039,27.505007,5.952011,15.266448
40.479523,2.1780913,0.0,0.35095572,2.5515401,0.0,79.8663,0.31017825,7.9933195,0.0,1.652983,89.29578,32.42205,0.0,187.27681,41.79962,0.0,27.443274,3.0896194,18.034853
29.260658,2.775783,0.0,0.0,4.360735,0.0,72.257195,0.10596164,18.861092,0.0,1.6574061,116.38705,41.9806,54.67674,175.53969,43.581654,8.554116,30.16222,6.7997355,15.8910475
51.81964,3.611871,0.0,0.0,20.01895,0.0,74.8228,2.5936084,7.6253176,0.0,1.9269626,15.714939,0.0,0.0,137.07692,21.839197,13.080969,18.168655,4.7028003,17.164751
20.525818,2.9338343,0.0,0.0,10.970529,0.522487,72.007164,0.8087292,0.0,0.0,1.6249974,115.646835,27.485294,46.416283,174.91898,48.91022,13.850733,26.371166,3.3028758,16.604454
33.609818,4.383171,0.0,0.0,7.4648356,0.7833358,80.41531,0.0,0.9866834,0.0,1.860682,142.8359,7.5755386,68.936615,184.79578,42.394615,14.631772,27.616526,1.1639059,12.225511
22.686163,1.6262519,0.0,0.0,20.02972,0.0,73.03148,0.0,0.0,0.0,2.098562,21.773254,0.0,0.0,153.0594,42.05179,13.8517685,24.030384,4.7771616,17.040037
42.1645,1.945426,0.0,0.0,0.0,0.33269694,69.96195,3.392321,0.0,0.0,1.8482983,105.95915,44.07269,49.430504,181.73991,41.0009,14.433326,32.123608,1.4652977,15.598833
34.25835,3.0980546,0.0,0.06281014,12.883554,0.6165184,75.93524,0.0,21.529982,0.0,1.8340211,99.35069,0.0,0.0,180.20415,35.20818,0.0,37.34294,1.0181184,10.71115
34.305458,3.004517,0.0,0.0,12.642097,0.0,74.90544,0.88174874,9.378448,0.0,1.6761594,107.63253,31.13118,41.271175,182.60544,23.133522,22.761324,26.148811,1.3198229,18.880987
45.911575,3.0267122,0.0,0.0,23.7397,0.0,60.49919,0.0,8.392061,3.6791215,1.7130482,0.0,0.0,0.0,133.12184,26.268301,1.5793915,24.802233,6.038572,15.152556
42.31579,3.246134,0.0,0.10029968,9.748922,0.0,66.33851,0.0,33.663116,0.0,1.6961193,116.405975,28.358358,52.668507,191.64542,43.4657,0.0,29.293955,3.6760085,14.064921
46.354008,3.555233,0.0,0.0,13.109889,0.0,75.64516,0.6628838,0.0,0.0,1.4317005,130.81566,0.0,32.193874,129.83797,43.240536,22.99584,25.809166,3.9688797,13.825213
70.17467,2.8500514,0.0053254366,0.0,0.0,0.0,69.0181,0.34485662,0.0,0.0,1.8036528,116.17277,36.17431,16.666786,186.86449,43.615658,0.0,28.640491,2.0182447,16.78251
27.002493,2.6049795,0.0,0.0,0.0,0.0,67.8946,0.0,8.357925,0.0,1.5969598,107.96767,33.017376,34.473564,150.0611,26.73493,13.75299,28.243788,1.0303999,10.765957
25.028038,2.6832623,0.0,0.0,4.3167386,0.0,75.13823,0.0,10.871232,0.0,1.0327172,97.417465,23.37691,43.851814,188.84201,31.733686,19.122711,21.680517,0.933531,10.693926
40.16107,2.40495,2.9034507,0.1516436,2.6878374,0.0,60.868423,0.0,0.6280584,0.0,2.1007085,120.33241,32.089878,60.257828,154.61458,52.60414,25.537077,25.254255,4.632501,8.0501
20.365396,3.0856948,0.0,0.0,19.507326,0.0,72.62127,0.0,4.23671,0.0,1.5831385,114.57477,31.421944,40.387726,189.42555,31.80713,10.91205,30.316383,2.4099944,15.889966
7.3472056,2.3845007,0.0,0.0,12.434346,1.0407134,86.154236,3.399152,8.287479,0.0,1.6742189,99.02495,0.0,49.305702,190.44087,65.96652,7.931022,29.025465,5.2448745,18.00139
38.468685,2.9725378,0.0,0.0,0.3888808,0.0,71.22124,0.0,9.582281,0.0,1.4111576,119.91836,41.33845,54.08354,131.85486,36.812305,0.0,28.347622,1.1678072,13.048461
25.408323,3.5346596,0.0,0.0,4.0949903,0.30295035,82.56635,1.6466814,7.6144614,0.0,1.713975,106.89529,32.703278,40.93808,186.72447,49.58382,6.717901,32.947548,3.6438873,18.05318
33.82712,2.5174882,0.0,0.0,0.0,0.64210975,63.304817,0.0,0.0,0.0,1.8876121,110.6644,32.29552,50.96132,102.212944,37.64906,6.645295,12.81893,5.1907697,4.662573
60.37579,2.5821314,0.0,0.0,14.160125,0.0,70.632225,0.9452688,0.0,0.0,1.6223121,112.43856,24.663757,32.332287,95.29611,48.893238,22.493021,15.401208,5.717767,20.761694
35.0725,2.6960075,0.0,0.22327754,12.671701,0.17479786,83.04034,1.1560358,19.94106,0.0,1.590903,124.5686,33.22632,40.659523,181.87238,46.144787,0.0,33.838253,5.379688,15.989221
28.012232,2.7350726,0.0,0.0,0.0,0.052175507,69.78447,1.097718,12.965125,0.0,2.0486038,110.801704,30.579624,53.954212,181.0118,36.67454,20.483118,32.018604,3.7296653,18.343084
40.68116,3.2181551,0.0,0.0,26.753843,0.0,79.569275,0.0,11.078122,0.0,1.6580753,117.87573,24.896154,0.0,142.97984,69.41969,17.147556,17.534779,4.1416426,18.113956
39.945507,2.8335366,0.0,0.0,0.4119546,0.0,103.023224,0.9247026,0.0,0.0,1.0572882,101.74817,0.0,41.327747,190.03238,67.54722,0.0,36.926437,1.020753,18.878521
50.567062,2.7698085,1.0918423,0.0,8.933228,0.060498238,68.80864,0.0,3.7064996,0.0,2.1148942,105.55148,30.538452,38.42255,184.43735,56.039238,14.228342,28.325657,2.5987372,17.394766
9.916382,2.2536829,0.0,0.0,7.9281845,0.0,86.2893,2.7922962,13.390118,0.0,2.4039257,107.52294,0.0,33.299854,178.22058,48.371403,3.8797998,30.865635,5.0428047,18.645193
22.207047,3.0181615,0.0,0.0,3.0986488,0.0,71.01041,0.0,2.025964,0.0,1.7861493,118.934715,27.5535,47.683414,190.41635,66.72823,9.767727,28.833538,5.081981,17.608181
41.200058,2.7266874,0.0,0.0,0.0,0.96070695,82.53549,0.0,0.0,0.0,1.5210009,118.20386,41.255722,48.83864,191.31265,57.515396,26.445261,30.030024,2.1160407,15.247232
45.15717,2.9324753,0.0,0.0,1.6409104,0.0,87.37145,1.8116968,3.2714398,0.0,1.4879673,112.49286,26.34634,27.554747,190.00058,43.688564,0.0,18.213383,4.8941464,15.35789
79.36256,3.0724916,0.0,2.471524,9.748922,0.0,71.705795,0.0,0.0,8.309615,1.3776448,102.693665,0.0,0.0,133.47098,20.056852,15.036668,10.699863,5.02233,19.667448
58.289368,2.8316958,0.0,0.0,13.527238,0.0,79.819565,0.0,10.623136,0.0,1.534296,108.35015,50.751553,32.13001,189.05502,60.895588,23.036592,28.827112,3.6009042,20.18901
36.146957,4.106419,0.0,0.0,0.0011205077,0.0,78.08953,2.49878,0.0,0.0,1.8438413,115.19382,34.16832,45.943863,202.4755,38.743885,24.436466,24.682682,5.353551,15.735015
30.3085,2.6446762,0.0,0.0,14.863621,0.12136726,77.906944,0.87122136,9.252754,0.0,1.7992911,113.38565,26.193647,53.7716,175.97513,22.420343,11.228579,36.454304,2.7497408,13.830394
51.42821,1.9190984,0.0,0.0,27.673641,0.0,62.387695,0.0,0.0,1.1341046,1.7787781,6.3274417,0.0,0.0,126.812805,26.893425,5.0315104,19.974428,5.1706634,14.537726
31.29555,2.8271441,0.0,0.0,3.4885416,1.0853724,79.36447,0.20109338,0.0,0.0,1.7512221,122.87051,28.055948,60.824734,178.23505,40.861523,11.746192,32.908566,2.546946,16.955559
35.090527,3.1797967,0.0,0.0,12.429934,0.46083558,73.09086,1.9832885,1.9093664,0.0,2.381361,112.60622,39.170277,66.47955,179.57822,28.168852,16.313595,23.241232,0.14498676,3.1901138
51.578655,1.7415757,0.0,0.0,9.565919,0.0,88.708336,0.0,0.0,0.0,1.7051663,10.084381,0.0,0.0,153.49756,33.7648,9.060773,28.092827,9.815815,17.517391
38.397774,2.6903012,0.0,0.0,11.555739,0.0,72.09482,0.6227678,0.0,0.0,1.9942436,106.497734,19.089739,54.9068,187.52577,41.72266,0.0,33.853424,2.2206514,15.330868
8.019431,3.6281822,0.2724761,0.0,8.282762,0.0,84.96092,1.0793284,0.0,0.0,1.7807364,119.228874,16.3456,50.77057,189.59949,30.509768,4.8752127,27.328686,3.710747,17.276382
38.310635,2.7332745,0.0,0.0,0.0,0.0,70.94201,0.0,0.0,0.29918036,1.780571,90.7199,35.111332,57.450912,176.94974,44.168633,26.115396,34.651108,2.4051888,4.8549304
28.688047,2.1202576,0.0,0.0,14.873523,0.46990544,80.80889,0.16923311,0.25360692,0.29918036,1.7993989,120.65532,30.467968,65.404976,174.55681,31.570576,25.816408,25.325426,1.015599,17.214272
37.1058,2.0742161,0.0,0.8058237,13.402018,0.0,79.09128,0.31816941,10.614328,0.0,1.7669773,113.3586,35.95416,63.88296,162.336,44.442406,0.0,32.45,4.530874,17.365057
23.279089,2.2324147,0.0,0.0,11.031571,0.6239378,73.7915,0.100106426,0.0,0.0,1.5794561,109.692,45.444126,50.99971,177.70406,47.84431,0.0,29.136513,5.3954697,12.71546
49.077656,2.643434,0.0,0.3311764,4.7901287,0.0,80.13315,1.98067,7.6144614,0.0,1.9573486,114.91446,26.546026,72.76678,175.65294,42.553925,18.520119,24.66692,1.9314882,18.723585
17.490046,2.1303225,0.0,0.0,7.011912,0.0,82.01491,2.394865,12.779891,0.0,1.6333542,127.76428,27.848965,50.081505,172.81105,44.538204,0.0,20.934193,4.9519873,16.65828
27.092516,2.8839803,0.0,0.0,5.2857866,0.0,73.65242,0.0,0.0,0.0,2.16123,102.39982,11.101474,52.959618,182.98457,29.696827,12.91324,28.683294,0.5835862,19.254625
29.823809,2.826827,0.0,0.03669075,0.0,0.21725091,68.05656,0.0,8.339352,0.0,1.8895156,126.482346,33.73193,49.12163,168.12671,52.474773,19.186588,25.892576,2.308352,16.754854
38.008934,2.7266874,3.7836645,0.0,0.0,0.12684992,75.974335,1.2826607,4.3830175,0.0,1.9419172,114.93115,27.60194,15.168993,217.5692,44.0452,16.550285,31.324444,4.4540615,13.222706
57.604412,3.7100327,3.2482886,0.0,0.0,0.643429,74.9118,2.5035253,19.734993,0.0,1.7361126,117.18886,22.690884,15.644981,184.30052,41.332455,0.0,28.40908,3.1005383,16.251724
35.500317,3.8791697,0.0,0.0,9.748922,0.0,75.0866,0.0,7.6144614,0.0,1.7319705,92.491325,0.0,0.0,181.2639,29.829844,31.927473,24.264645,0.7241848,13.752948
28.95864,3.7015193,0.0,0.0,10.052273,0.29497164,84.03668,0.0,14.594417,0.0,1.9157524,131.71523,10.176701,27.203636,189.07384,47.353985,7.7233768,35.93891,6.0441236,16.805267
33.49266,2.5992599,0.0,0.8167658,2.7672045,0.61773133,78.00612,0.6839174,22.617374,0.0,1.2511284,100.97736,34.88877,72.85261,79.7843,36.979305,6.1035666,0.0,4.9950194,22.885704
5.9903584,2.0559802,0.0,0.0,8.382555,0.17479786,74.693535,0.0,0.0,0.0,1.990032,22.501316,0.0,0.0,130.30045,31.208778,13.986782,25.061905,4.0903535,13.839109
48.53391,2.6399407,0.0,0.4505499,9.364689,0.0,76.24869,0.9061467,34.35192,0.0,1.1961596,104.7229,36.72298,50.103954,157.66481,48.03151,8.190117,20.684599,5.0009923,16.643116
25.51515,2.9435623,0.0,0.0,9.978502,0.0,78.705215,1.275671,3.1920776,0.0,1.8094416,113.31146,49.40628,35.520546,190.44096,33.036095,6.0303917,29.833878,7.0995984,16.081503
35.167656,2.823946,0.0,0.0,8.4117565,0.07215072,67.11897,1.3249515,0.0,0.0,1.8674934,118.01785,41.618355,39.272076,182.95041,27.446976,12.808393,30.536415,3.525664,16.501978
29.924232,2.445278,0.0,0.14903763,2.2451408,0.0,68.210144,0.40771714,35.88063,0.0,1.6891062,127.56754,32.1181,66.245476,175.97441,37.876945,0.0,29.316584,3.827457,15.387369
21.721813,2.142261,0.0,0.0,12.682742,0.1482534,75.64874,1.3197287,0.0,0.0,1.5483935,103.58403,36.03997,46.41081,183.61157,34.21785,9.296923,33.106728,1.066321,15.646952
47.904247,3.093933,0.0,0.0,0.0,0.49591213,66.38142,0.0,22.514027,0.0,1.7319705,92.258965,0.0,41.709682,171.75189,33.358574,25.259138,26.152319,4.5571218,17.922428
39.911633,2.8683746,0.5934866,0.0,19.457243,0.25340253,102.45675,0.0,21.115547,0.0,1.5031254,144.1213,0.0,0.0,192.37122,34.96957,0.0,38.261345,2.3008387,12.162373
36.561653,3.076913,0.0,0.0,27.173868,0.0,116.68574,1.4251152,10.806418,0.0,3.1653779,113.05957,10.299282,38.55769,197.89743,48.673874,0.0,25.479382,5.646106,17.710924
15.271371,3.337722,0.0,0.0,4.893632,0.0,82.612015,2.3524997,22.002106,0.0,1.6537447,115.227715,38.123062,51.23537,177.04074,45.032585,0.0,19.670822,6.3975053,14.821574
51.327156,3.5814803,0.0,0.0,8.576867,1.3807973,71.841255,0.31632617,0.0,0.0,1.8666925,117.352486,23.692749,44.498993,198.93126,42.40072,10.797198,23.924374,3.8889723,18.1595
35.113457,2.8097003,0.0,0.0,0.0,0.2496528,78.08536,1.2372333,0.7640588,0.0,1.5500474,120.11926,49.18337,49.34918,189.15822,58.95971,5.066819,33.298687,2.5009978,17.573458
9.146973,2.7921882,0.0,0.0,14.65173,0.0,74.001884,0.36673415,6.066987,0.0,1.7386456,114.57171,52.207024,53.561768,195.4725,25.313084,14.424869,39.42892,4.4798875,13.811983
38.13477,3.2610257,0.0,0.0,9.766353,0.853456,76.8256,0.42831054,5.3061028,0.0,2.051946,111.97249,24.535677,34.581726,166.3846,48.099316,0.0,34.37584,4.4888363,15.330868
28.751266,2.5291781,0.0,0.0,0.0,0.0,72.02387,0.78957105,0.0,0.0,1.7589753,107.76537,0.0,68.555336,183.9808,42.350693,2.8944552,24.93418,0.0,7.2819433
44.44597,3.3386805,0.0,0.0,11.6332655,0.17479786,83.39134,3.459414,8.567471,0.0,1.8548145,117.85368,16.332495,35.819214,198.64503,44.5894,0.0,25.973633,3.710747,17.325008
56.95486,2.5059474,0.0,0.07651458,0.0,1.1772674,71.93074,0.55259746,0.0,0.0,1.9195116,110.04634,22.29966,47.771408,199.23805,54.618134,10.871802,22.03761,4.630913,15.950452
38.968067,2.4504044,0.0,0.06281014,5.6544037,0.0,82.47081,1.8367172,14.701017,0.0,1.6617038,164.60876,0.0,20.885565,155.56038,37.997017,16.428463,31.859722,3.7794204,17.784973
79.766785,3.0703135,0.0,0.0,25.384413,0.0,58.356075,0.0,0.0,0.0,1.5291798,103.07811,0.0,23.855398,153.09755,14.013971,7.7491703,21.867594,4.779039,14.268595
25.169552,2.536299,0.0,0.0,2.2848587,0.7347204,66.08955,0.0,10.351006,0.0,1.6510272,115.51404,52.18178,60.59309,179.58499,33.574097,23.392958,35.03416,1.2694023,15.167645
29.212835,2.4046726,0.0,0.0,0.0,0.0,76.57873,0.217491,7.214213,0.0,2.0566409,125.41458,34.687847,54.801888,183.51764,51.51933,11.374944,39.65098,2.8498847,16.802603
19.446394,3.7081864,0.0,0.0,13.80095,0.033514515,86.01983,1.2210284,19.730492,0.0,1.4327714,113.88192,42.98986,62.29677,167.42981,38.101578,12.503192,26.979015,5.846183,16.363157
41.957726,4.1202717,0.0,0.0,14.530886,0.619994,84.49655,0.0,15.649754,0.0,1.7856443,118.77109,26.408373,36.437878,183.74252,39.806896,15.517716,34.795086,3.8346634,19.063303
22.705175,2.4754198,0.0,0.0,35.79114,0.0,67.5986,0.0,0.0,0.0,0.5048749,123.29532,7.066119,0.0,166.11673,25.195137,15.428006,26.860645,6.358654,15.733185
46.495968,3.0087647,0.0,0.0,0.0,0.43778646,67.86962,0.0,0.0,0.0,1.8264773,121.96487,45.23579,0.0,192.79634,66.33032,22.661963,35.145164,2.5315,15.248725
57.61746,1.9178762,0.0,0.0,4.7279596,0.32839078,60.10309,0.0,0.0,14.696748,1.8713703,20.824364,0.0,0.0,125.75056,25.510513,28.294134,8.621368,5.160777,16.323788
56.039402,2.8370888,0.0,0.0,14.434042,0.0,63.59086,0.48269185,0.0,0.0,1.3827608,3.8745646,0.0,0.0,138.73792,59.4314,0.0,30.227777,4.225106,21.213585
27.909147,2.3300695,0.0,0.07868833,0.0,0.0,74.20578,0.0,2.0774384,0.0,1.6700597,109.53937,31.85016,38.91619,183.44327,44.467834,22.118187,28.06241,3.146744,15.574508
0.045403346,2.1471777,0.0,0.10409092,2.7350457,0.0,70.01034,0.0,22.170923,0.0,0.6080948,102.740944,0.0,58.226017,155.43794,22.181911,0.0,31.36514,0.7685802,11.872308
33.659397,2.3448954,0.0,0.23283103,4.386004,0.09721039,71.0837,0.0,9.869044,0.0,2.0313404,110.76148,12.702749,65.31091,181.93517,40.415142,14.426767,23.666342,2.6914065,12.274435
10.26712,2.184799,0.0,0.0,16.363298,0.0,79.35495,2.1492658,8.674084,0.0,1.930409,75.9252,42.229313,26.731812,185.06004,32.39675,2.9717746,30.5351,3.1078494,15.415904
29.173615,2.4459963,0.0,1.0010513,0.81584,0.0,79.65631,0.8019295,1.4150759,0.0,1.5430825,110.93917,39.76833,56.528625,171.23808,44.599506,24.644539,18.776554,0.30392784,13.4133
29.375847,2.335028,0.0,0.0,2.4991357,0.0,80.17009,0.6628838,9.791541,0.0,1.9762022,95.540886,0.0,42.91043,191.16353,27.333132,34.324978,31.112518,4.8821654,10.611465
40.90331,3.06438,0.0,0.0,15.962675,0.0,72.38286,0.0,8.549278,0.0,1.6858552,116.748146,21.142702,57.088566,195.19978,31.87484,9.779279,27.082613,1.495594,17.79242
31.85788,2.9719763,0.12203227,0.23405713,1.5268755,0.41049322,74.882835,0.91484016,7.878954,0.0,1.9249635,116.5433,39.12993,36.398655,164.41591,50.29934,7.507814,28.40452,0.35071814,16.076197
32.21358,2.1714845,0.0,0.0,16.298006,0.643542,66.90105,2.146915,12.370265,0.0,1.9476862,108.13467,0.0,58.802704,144.88542,16.260042,33.47596,22.95236,6.854949,4.4060817
19.176758,2.5504012,0.0,0.0,11.999783,0.0,84.589905,0.7613408,8.740283,0.0,1.7005224,126.19324,34.815266,54.305313,177.27,36.49012,14.182913,37.79433,4.788272,18.34144
47.808804,3.7419746,2.1950245,0.0,15.243309,0.57018054,70.17866,0.0,14.332777,0.0,1.6075163,124.06654,0.0,10.124945,155.30466,43.03351,18.965788,28.348118,3.8927336,19.374884
35.258965,2.690275,0.0,0.0,19.256655,0.21070808,77.93682,2.0840795,14.922407,0.0,1.8346682,116.52628,37.1146,46.62689,170.40489,36.61151,15.668678,25.371122,2.590431,16.671259
29.052034,3.093046,0.0,0.0,17.111198,0.0,82.269775,0.0,0.62374896,0.0,1.987854,125.08448,10.827457,47.506413,189.34018,55.920753,9.804512,33.374897,5.0122194,17.49377
31.780901,2.4652119,0.0,0.0,4.4140306,0.57236844,83.04028,0.9656717,3.416633,0.0,1.7107477,119.3528,25.56761,49.445778,153.91592,43.850918,4.8385434,31.980711,5.7261305,16.132647
43.06495,1.7497817,0.0,0.0,0.0,0.0,72.003494,1.0797788,12.88325,0.0,1.4425812,100.97632,22.883509,49.12209,140.57198,35.410503,0.0,32.411304,2.1123343,16.853163
37.317604,3.9721253,0.0,0.0,16.753532,0.0,79.104805,0.0,6.9117904,0.0,1.6210301,121.01806,13.607631,42.288654,181.59637,43.875755,8.673648,24.718222,7.5719466,17.318562
47.18901,2.799809,0.0,0.9702753,13.776225,0.0,98.22668,0.0,32.478745,0.0,2.0418797,122.743225,28.126053,64.27072,177.84932,62.1668,0.0,27.474178,0.7345251,15.402544
34.6734,1.9120767,2.0315428,0.15435785,1.5423828,0.6945253,77.5405,0.0,4.108596,0.0,1.552861,111.70592,0.0,54.83187,170.74786,24.32931,9.5125065,24.610798,2.900016,12.070897
48.903072,2.589773,0.28243095,0.06406396,3.9278855,0.048089214,78.68508,0.43061027,10.278544,0.0,1.6467252,107.35285,14.277344,48.85945,180.32072,56.99937,0.0,29.825686,3.9392219,18.196306
14.7313175,2.8142052,1.9151547,0.0,11.151633,0.0,60.60139,0.0,0.0,0.0,1.7128134,74.48101,40.121056,1.9919176,191.92162,0.0,15.92808,22.216509,3.5857584,13.904478
36.942078,2.646263,0.0,0.0,0.0,0.64133734,72.54975,1.0961854,6.082742,0.0,1.9017205,129.97946,25.78705,60.427067,172.61162,22.822752,16.731852,35.773388,1.3202732,17.515196
26.312109,2.3566134,0.0,0.0,17.719267,0.0,77.91005,0.0,27.25206,0.0,0.3762495,115.100945,34.08615,61.85357,185.79346,35.86206,25.4583,31.659561,2.8114529,12.27125
47.488453,2.6805222,0.0,0.0,0.0,0.0,63.927742,0.0,0.0,0.0,1.5045497,133.99873,11.924421,0.0,175.88182,38.006157,8.246595,35.86989,3.5133944,13.769245
47.13049,2.7588198,0.0,0.0,4.205051,0.0,73.61688,0.0,0.0,0.0,1.704346,115.84787,34.28492,57.64511,192.70784,59.120667,9.3906765,33.24148,5.51609,13.857352
31.438046,3.2764928,0.0,0.0,5.319318,0.0,75.60256,0.0,11.670885,0.0,1.7027428,115.538086,39.77437,49.06871,184.39388,30.025982,4.461276,30.739166,0.85513294,13.843606
27.811886,2.2102764,0.0,0.0,0.0,0.0,64.07596,0.6628838,9.950802,0.0,0.60926765,112.75838,39.746395,60.695793,84.3741,50.673115,18.867039,6.0405145,10.320473,8.609592
30.12938,2.7385805,0.0,0.63733053,9.633927,0.0,73.80689,0.23589772,11.7233305,0.0,2.01032,126.26889,30.259571,60.384422,165.93062,41.262367,12.943987,31.380905,2.6107123,16.486128
32.580517,2.633602,0.0,0.5107176,0.0,0.89535505,76.5749,0.0,0.0,0.0,1.6338701,120.03511,35.192604,43.64163,169.50734,52.055443,5.080273,23.654003,1.3470892,16.56793
69.6372,2.1828747,0.0,0.0,18.794535,0.0,57.27377,0.0,0.0,1.1534524,1.7154775,11.232693,0.0,0.0,154.43797,34.491882,8.698378,26.142647,6.0390854,12.652173
34.18529,2.26833,0.2577057,0.0,6.805646,0.0,76.3749,0.0,5.8404427,0.0,1.689441,102.13735,22.206354,31.98446,175.22734,40.59089,8.736594,26.340055,3.232091,12.391189
33.61766,2.732402,0.0,0.0,0.0,0.0,75.76214,0.0,0.0,0.0,1.6537673,100.47211,31.629843,11.459662,180.24667,52.542953,17.292137,25.554502,3.1816654,18.131813
29.236963,2.7769518,0.0,0.0,7.3015075,0.18585807,69.98883,0.033848397,0.0,0.0,1.651371,113.86842,28.99596,56.735237,166.12004,44.66521,17.318172,28.963923,3.2990363,16.584091
12.677931,3.8467295,0.0,0.0,0.0,0.0,76.77892,3.4239383,6.5964484,0.0,1.0723805,109.338356,38.529125,19.88269,197.8257,36.014347,21.696918,30.083755,5.189356,19.935585
51.67534,3.2892203,0.0,0.0,31.418211,0.0,64.01503,0.0,0.0,0.0,1.5365887,120.58762,0.0,0.0,136.33054,56.35069,0.70400006,17.186152,3.5851853,15.576566
37.015102,3.182827,0.0,0.0,6.265045,0.37745115,75.793396,0.41065183,0.0,0.0,1.732852,131.18098,35.716373,31.462437,161.52794,27.781147,14.922289,30.350653,1.0591058,15.04862
27.93722,2.5378695,0.0,0.0,6.2870207,0.3398984,76.68577,0.0,11.872665,0.0,1.6989472,119.875374,22.067236,37.432186,194.8071,52.61401,0.0,31.600855,1.4064592,17.67788
17.418247,2.3384314,0.0,0.0,10.172519,0.0,82.43942,0.289795,15.305368,0.0,1.8916674,114.28544,51.632114,49.285217,168.64792,46.556667,4.5273046,26.667454,4.5419855,16.229546
42.60195,2.9283195,0.0,0.11997249,9.087877,0.0,81.18552,0.0,25.401865,0.0,2.3993556,103.14627,28.374472,66.87307,184.00859,33.033394,8.23428,27.768406,5.151175,16.740948
35.62823,2.4606922,0.6731296,0.0,0.0,0.0,71.39601,0.0,0.0,0.0,1.7219901,115.44605,33.99007,49.764427,179.6348,38.183624,2.0438318,26.201452,1.8647596,14.852209
38.48887,2.1219923,0.0,0.0,28.450827,0.0,66.3478,0.0,0.0,0.0,1.4825761,11.368023,0.0,0.0,104.32572,28.868366,2.6221502,13.379521,6.428356,16.678453
32.15403,3.519953,0.0,0.0,31.912111,0.0,78.139984,3.0605946,21.102184,0.0,1.8145161,110.07484,29.018879,57.238197,192.67522,37.261642,12.953343,35.340664,1.1327296,16.693941
39.899105,3.011691,0.0,0.0,0.0,0.28345555,80.17172,1.196894,10.975161,0.0,1.7763836,111.556465,20.696003,48.4794,170.39009,36.745075,4.9329476,32.691544,2.6031353,13.944783
17.586998,2.8248425,0.0,0.0,0.0,0.0,70.52061,3.293209,8.823427,0.0,1.8283088,124.4411,39.857426,54.97657,197.53056,42.555225,0.0,28.864544,2.3175323,16.222313
45.99196,2.2758176,0.0,0.0,0.0,1.1300801,74.58081,0.7516409,0.0,0.0,1.7632744,115.46034,29.21801,17.977812,175.88672,46.388172,19.96092,28.634512,2.3459055,18.70425
70.855515,2.2059515,0.0,0.0,30.856117,0.0,68.698044,0.0,0.0,0.0,1.9052417,0.0,0.0,0.0,121.6159,30.97859,10.41595,20.848904,5.209419,16.774876
30.84221,3.1264277,0.0,0.0,3.9881415,0.03054241,80.223854,2.4976757,11.0549965,0.0,1.7765951,120.625824,34.00458,39.93347,184.19144,37.894875,0.0,33.43878,3.4480612,16.795448
0.075810164,2.694585,0.0,0.0,3.050572,0.3008462,82.13733,0.0,0.0,0.0,1.5785291,123.89061,45.36031,53.77395,189.04004,38.81107,18.285122,31.621744,4.4995904,16.832186
41.492573,1.7703159,0.0,0.0,21.896317,0.0,66.610535,0.0,0.0,2.0008717,1.9029496,4.5923634,0.0,0.0,133.83449,40.1123,4.641843,24.65116,5.9969196,17.157024
52.801403,2.6392999,5.1712465,0.0,6.022656,0.0,65.30158,0.0,0.0,0.0,1.0076854,101.72146,0.0,47.70023,175.09662,19.46414,45.9695,22.713736,0.0,11.364668
36.95287,3.4989383,0.0,0.43690735,2.3801343,0.0,80.06686,0.0,4.2394404,0.0,1.6955123,127.84344,36.54046,63.876568,191.00368,40.22505,7.2403107,27.7016,4.1138663,19.650055
15.941743,2.9888997,0.2724761,0.0,8.414379,0.0,80.953415,0.0,7.6144614,0.0,1.7357843,109.53575,37.045135,64.74811,180.34442,31.73025,2.2241337,35.182148,5.719625,16.224497
20.29779,2.7610748,0.0,0.15257171,6.3237543,0.0,74.89822,0.5951055,14.999533,0.0,1.8032999,115.797775,33.39345,49.87316,183.24536,35.186665,18.62546,29.633232,3.6587577,18.140825
29.094597,3.4145937,0.0,0.0,12.190552,0.0,74.02239,0.0,22.259335,0.0,1.8177681,116.52462,0.0,25.880714,179.45134,43.419106,0.0,34.968925,3.0038805,11.906347
36.112617,2.712855,0.0,0.0,0.0,0.0,56.275154,0.0,0.0,0.0,1.6288369,111.62899,35.98903,39.115837,189.27835,30.57036,10.8202,28.587921,3.710747,18.1162
24.916563,2.9070656,0.0,0.0,16.468605,0.0,94.71925,0.7059433,24.460295,0.0,1.4784408,113.94827,0.0,50.89823,186.04343,27.48718,21.724543,29.04614,0.6770455,5.83187
24.605305,2.986861,0.0,0.0,9.714366,0.0,74.740456,0.0,0.0,0.0,1.6820865,102.49677,0.0,32.909534,173.42415,42.653305,9.867554,31.340687,0.0,16.212606
52.105946,1.8231643,0.0,0.0,21.300097,0.0,78.29483,0.0,0.0,0.0,1.4000301,133.05164,0.0,0.0,135.13802,25.91821,0.0,24.534115,5.1184196,13.828952
70.4075,2.091684,0.0,0.0,22.584295,0.0,63.86671,0.0,0.0,1.279756,1.7639272,29.237535,17.547232,0.0,136.34601,36.001514,6.885688,27.769947,5.620636,17.79226
45.28062,2.6105723,0.0,0.0,7.8281965,0.0,67.30481,1.031274,7.139047,0.0,1.6683095,97.05959,41.556587,72.621826,194.53453,53.912357,0.0,28.753807,4.1193137,15.026411
18.591665,2.9175854,0.0,0.02375187,0.0,0.0,83.950836,1.1489238,14.581752,0.0,1.5842738,117.34599,25.598299,31.32572,132.79247,30.291817,0.0,8.629551,6.227376,7.8316536
42.90241,2.792291,0.0,0.0,0.0,0.32331252,82.29568,0.7852012,1.5164208,0.0,1.5855765,110.23441,28.641068,40.58082,176.37651,44.123314,12.359019,23.80968,4.3576612,16.051779
30.5892,1.6246979,0.0,0.0,40.764843,0.0,70.51751,0.0,0.0,0.0,1.9197094,33.03398,0.0,0.0,149.34952,63.52338,4.043352,23.262022,6.938244,18.971004
35.613174,3.1951826,0.0,0.0,11.860741,0.14071298,80.182526,0.6628838,0.0,0.0,2.2279742,9.088132,0.0,0.0,146.63525,20.897858,17.09357,11.333217,4.986414,17.44739
34.271145,2.8216462,0.0,0.0,17.864008,0.0,67.627594,1.3748479,0.0,0.0,1.7941875,99.58965,35.009987,56.32668,196.3396,24.109295,12.640152,32.266037,1.9828409,13.3917265
19.044518,3.2468019,0.0,0.0,12.363369,0.0,68.93393,0.0,23.078743,7.6581473,2.0817697,127.8971,10.502252,35.0287,175.82018,35.22436,25.856373,33.09388,0.40072304,2.2012002
